{
   "meshNum":1,
   "meshData":[
   {
      "polyCount":12,
      "trans":[0.000000,0.000000,0.000000],
      "scale":[1.000000,1.000000,1.000000],
      "vertexData":[
   0.000000,0.000000,-1.000000,-431602080.000000,-431602080.000000,-431602080.000000,0.333134,0.999800,0,0.000000,0.000000,-1.000000,-431602080.000000,-431602080.000000,-431602080.000000,0.000200,0.666867,0,0.000000,0.000000,-1.000000,-431602080.000000,-431602080.000000,-431602080.000000,0.000200,0.999800,0,0.000000,0.000000,1.000000,-431602080.000000,-431602080.000000,-431602080.000000,0.000200,0.000200,0,0.000000,0.000000,1.000000,-431602080.000000,-431602080.000000,-431602080.000000,0.333134,0.333134,0,0.000000,0.000000,1.000000,-431602080.000000,-431602080.000000,-431602080.000000,0.000200,0.333134,0,1.000000,0.000000,-0.000000,-431602080.000000,-431602080.000000,-431602080.000000,0.000200,0.333533,0,1.000000,0.000000,-0.000000,-431602080.000000,-431602080.000000,-431602080.000000,0.333134,0.666467,0,1.000000,0.000000,-0.000000,-431602080.000000,-431602080.000000,-431602080.000000,0.000200,0.666467,0,0.000000,1.000000,0.000000,-431602080.000000,-431602080.000000,-431602080.000000,0.333533,0.333533,0,0.000000,1.000000,0.000000,-431602080.000000,-431602080.000000,-431602080.000000,0.333533,0.666467,0,0.000000,1.000000,0.000000,-431602080.000000,-431602080.000000,-431602080.000000,0.666467,0.666467,0,-1.000000,0.000000,-0.000000,-431602080.000000,-431602080.000000,-431602080.000000,0.999800,0.000200,0,-1.000000,0.000000,-0.000000,-431602080.000000,-431602080.000000,-431602080.000000,0.666866,0.333133,0,-1.000000,0.000000,-0.000000,-431602080.000000,-431602080.000000,-431602080.000000,0.999800,0.333134,0,0.000000,1.000000,0.000000,-431602080.000000,-431602080.000000,-431602080.000000,0.666467,0.333134,0,0.000000,1.000000,0.000000,-431602080.000000,-431602080.000000,-431602080.000000,0.333533,0.000200,0,0.000000,1.000000,0.000000,-431602080.000000,-431602080.000000,-431602080.000000,0.333533,0.333134,0,-0.000000,0.000000,-1.000000,-431602080.000000,-431602080.000000,-431602080.000000,0.333134,0.999800,0,-0.000000,0.000000,-1.000000,-431602080.000000,-431602080.000000,-431602080.000000,0.333134,0.666867,0,-0.000000,0.000000,-1.000000,-431602080.000000,-431602080.000000,-431602080.000000,0.000200,0.666867,0,0.000000,0.000000,1.000000,-431602080.000000,-431602080.000000,-431602080.000000,0.000200,0.000200,0,0.000000,0.000000,1.000000,-431602080.000000,-431602080.000000,-431602080.000000,0.333134,0.000200,0,0.000000,0.000000,1.000000,-431602080.000000,-431602080.000000,-431602080.000000,0.333134,0.333134,0,0.000000,1.000000,0.000000,-431602080.000000,-431602080.000000,-431602080.000000,0.666467,0.333134,0,0.000000,1.000000,0.000000,-431602080.000000,-431602080.000000,-431602080.000000,0.666467,0.000200,0,0.000000,1.000000,0.000000,-431602080.000000,-431602080.000000,-431602080.000000,0.333533,0.000200,0,-1.000000,0.000000,-0.000000,-431602080.000000,-431602080.000000,-431602080.000000,0.999800,0.000200,0,-1.000000,0.000000,-0.000000,-431602080.000000,-431602080.000000,-431602080.000000,0.666866,0.000200,0,-1.000000,0.000000,-0.000000,-431602080.000000,-431602080.000000,-431602080.000000,0.666866,0.333133,0,1.000000,-0.000001,0.000000,-431602080.000000,-431602080.000000,-431602080.000000,0.000200,0.333533,0,1.000000,-0.000001,0.000000,-431602080.000000,-431602080.000000,-431602080.000000,0.333134,0.333533,0,1.000000,-0.000001,0.000000,-431602080.000000,-431602080.000000,-431602080.000000,0.333134,0.666467,0,0.000000,1.000000,0.000000,-431602080.000000,-431602080.000000,-431602080.000000,0.333533,0.333533,0,0.000000,1.000000,0.000000,-431602080.000000,-431602080.000000,-431602080.000000,0.666467,0.666467,0,0.000000,1.000000,0.000000,-431602080.000000,-431602080.000000,-431602080.000000,0.666467,0.333533,0
       ]
   }
]
}
