{
   "polyCount":12,
   "vertexCount":8,
   "indexCount":36,
   "vertexData":[
   -0.925278,-0.878469,0.000000,-1.000000,0.000000,0.000000,1.000000,0.000000,0,0.925278,-0.878469,0.000000,1.000000,0.000000,0.000000,0.000000,0.000000,1,-0.925278,0.878469,0.000000,-1.000000,0.000000,0.000000,0.000000,0.000000,2,0.925278,0.878469,0.000000,0.000000,1.000000,0.000000,0.000000,0.000000,3,-0.925278,-0.878469,0.870208,-1.000000,0.000000,0.000000,1.000000,1.000000,4,0.925278,-0.878469,0.870208,1.000000,0.000000,0.000000,0.000000,1.000000,5,-0.925278,0.878469,0.870208,-1.000000,0.000000,0.000000,0.000000,1.000000,6,0.925278,0.878469,0.870208,0.000000,1.000000,0.000000,0.000000,1.000000,7],
   "indexData":[
   0,2,3,3,1,0,4,5,7,7,6,4,0,1,5,5,4,0,1,3,7,7,5,1,3,2,6,6,7,3,2,0,4,4,6,2]
}
